Rank,Name,Username,Date
1,Ashley,@AshGriffiths,5/27/2023
2,Matthew,@skovranek,6/29/2023
3,Theo,@katomyomachia,6/30/2023
4,Doo,@doovel,9/6/2023
5,Maciej,@icepick,10/3/2023
6,Christian,@chrezt01,10/6/2023
7,Jordi,@jordicido,10/15/2023
8,Christopher,@christopherplain,10/21/2023
9,Balazs,@balazsjuhasz,10/29/2023
10,Mario,@lameconsideration07,11/16/2023
11,Derryn,@windwolf,11/23/2023
12,Daniel,@builciber,11/24/2023
13,Rohan,@priceysoil47,11/24/2023
14,Dam,@damtru,11/28/2023
15,George,@lastbonus43,12/3/2023
16,Philip,@zestytap75,12/7/2023
17,Nick,@nickrowe,12/11/2023
18,Volodymyr,@brutalv4,12/13/2023
19,Nick,@npeterson,12/15/2023
20,Sebastian,@sebito91,12/19/2023
21,Travis,@gleefulinternal87,12/25/2023
22,Andrei,@mahalel,12/27/2023
23,MajesticBeast,@majesticbeast,1/4/2024
24,Sean,@thegreatestgiant,1/5/2024
25,Mike,@impracticalwind70,1/9/2024
26,_RM_,@lam,1/14/2024
27,Krishnansh,@dawkrish,1/14/2024
28,Manuel,@wastefulfail27,1/14/2024
29,Mike,@mike.klimanek,1/17/2024
30,Raja,@rajagenupula,1/18/2024
31,Nick,@wobblypace84,2/5/2024
32,Andrew,@andrew_p,2/6/2024
33,Keenan,@keenanfaure,2/8/2024
34,Charles,@grizzledenvironment03,2/11/2024
35,Nick,@trolfu,2/14/2024
36,Dan,@squashd,2/16/2024
37,Isaac,@isaac-flath,2/18/2024
38,Armin,@avearmin,2/20/2024
39,Martynas,@aspiringvegetarian,2/23/2024
40,Abhi,@passerby,2/24/2024
41,Andrew,@mediawakeb0ard,2/25/2024
42,Sacha,@infantilepurpose10,3/3/2024
43,Jacob,@cruelrelative31,3/4/2024
44,Colin,@cjbagley,3/9/2024
45,Rares,@meekindependent75,3/9/2024
46,yisroel,@yisroel,3/14/2024
47,Kevin,@kevthedevx,3/15/2024
48,Alfonsas,@d_alfa,3/15/2024
49,Francisco,@frivas,3/15/2024
50,Temporal,@temporalvoyage,3/16/2024
51,Kendry,@kengru,3/21/2024
52,Serge,@hurtfulpack75,3/23/2024
53,James,@threegoldenhairs,3/25/2024
54,Alexandru Sorin,@aspopescu,3/25/2024
55,Jayesh,@failingassist24,3/25/2024
56,Alex,@4lex.ir4,3/26/2024
57,Luka,@scratchyconsequence55,3/26/2024
58,Noelle,@ellielle,3/27/2024
59,Christopher,@impressivestatus55,3/28/2024
60,Leonardo,@lmscunha,4/2/2024
61,Jeff,@geophpherie,4/4/2024
62,Matt,@eremeir,4/4/2024
63,Luis,@lfalva,4/6/2024
64,Ross,@excitedwhole69,4/8/2024
65,Peter,@worsthealth58,4/8/2024
66,Jason,@pummelhead,4/9/2024
67,David,@davanders,4/13/2024
68,Zino,@singledream81,4/14/2024
69,Ken,@dmik,4/19/2024
70,Daniel,@reasonablecommon86,4/19/2024
71,Sean,@natac,4/20/2024
72,deepak,@logsbydeepak,4/21/2024
73,Enea,@eneax,4/21/2024
74,Mauricio,@balbars,4/22/2024
75,jsec,@jsec,4/22/2024
76,Michael,@composedmistake18,4/23/2024
77,Ryan,@sirpandathered,4/24/2024
78,Diego,@diegosano,4/24/2024
79,Oleks,@youthfulpositive87,4/24/2024
80,Patrick,@pmwals09,4/25/2024
81,Aleksa,@classicaddress95,4/26/2024
82,To√†n,@nt2311-vn,4/26/2024
83,marcadrian,@vividclaim48,4/28/2024
84,Bartosz,@avanrish,4/30/2024
85,Jos√©,@baggycarry44,5/1/2024
86,Andrew,@alm,5/2/2024
87,Gabriel,@pullrequest,5/2/2024
88,Stephen,@steveg152,5/3/2024
89,Scott,@fullmetal55,5/3/2024
90,Mohammed El-Mustafa,@zikkas,5/5/2024
91,Marin,@oblongnurse50,5/6/2024
92,Michael,@dogwizz,5/7/2024
93,Mads Bach,@amazinginitiative38,5/11/2024
94,Sergei,@sorrowfulresolution10,5/14/2024
95,Pavel,@extra-smallband01,5/14/2024
96,Vali,@vali19th,5/15/2024
97,Marcin,@izoslav,5/16/2024
98,Salom√≥n,@schambig,5/16/2024
99,Adam,@ashoof,5/16/2024
100,Azazel,@icypermission27,5/17/2024
101,djstix,@djstix,5/17/2024
102,-,@spookerton,5/19/2024
103,Tyler,@thenamesty45,5/19/2024
104,Anthony,@anthy,5/19/2024
105,Dane,@dane,5/20/2024
106,Matt,@uncomfortablecheek42,5/20/2024
107,Vicente,@altigore,5/20/2024
108,docherak,@docherak,5/21/2024
109,William,@wtwingate,5/22/2024
110,Tai,@warptux,5/22/2024
111,Nicholas,@grimyprofit26,5/23/2024
112,Jesper,@joads,5/23/2024
113,R,@skeletalhalf40,5/24/2024
114,Micha≈Ç,@rashrip05,5/24/2024
115,Duy,@lppduy,5/25/2024
116,Krit,@friday1602,5/26/2024
117,Dima,@dimrev,5/26/2024
118,Jeppe,@smoothsignature51,5/27/2024
119,Julian,@idlesand35,5/29/2024
120,cr-vx,@cr-vx,5/29/2024
121,Ryan,@thakrisp,5/29/2024
122,Rodrigo,@rodjacznik,5/30/2024
123, ï ‚Ä¢·¥•‚Ä¢ î,@nyxenn,6/1/2024
124,David,@hacdan,6/1/2024
125,Roman,@monstrousselection52,6/2/2024
126,Garrett,@questionablestudio30,6/2/2024
127,No,@fearlesssignature12,6/2/2024
128,gerald,@gerald,6/3/2024
129,Vi·ªát,@awesomeworth30,6/3/2024
130,Justin,@adu,6/5/2024
131,Brandon,@inviber,6/5/2024
132,Casey,@cknolla,6/5/2024
133,Jack,@jack.lion,6/5/2024
134,Ricardo,@katalcha,6/7/2024
135,A,@asproson,6/8/2024
136,Albert,@nervouscoast90,6/8/2024
137,Shivam,@maniac,6/9/2024
138,Gergana,@geshy,6/9/2024
139,A,@ralex999,6/10/2024
140,Kings,@kingso,6/11/2024
141,Peter,@wrathfulphysics49,6/11/2024
142,Dave,@dkennard3,6/11/2024
143,Michael,@dusq,6/11/2024
144,Ted,@tedkim,6/12/2024
145,Alex,@alexd,6/12/2024
146,Greg,@grepexdev,6/13/2024
147,Ethan,@fragrantset30,6/13/2024
148,Erik,@urzathran,6/14/2024
149,Abraham,@distrollo,6/14/2024
150,Marijn,@mehrain,6/14/2024
151,Hubertas,@fortunateknee25,6/14/2024
152,Oliver,@oday,6/15/2024
153,Thazulk,@indelibleuniversity40,6/17/2024
154,Jack,@bigbabyjack,6/17/2024
155,Dylan,@ardentcobra,6/18/2024
156,Gabriel,@boilingcredit61,6/18/2024
157,Michael,@roughegg08,6/18/2024
158,Feliche-Demian,@hastydirt79,6/19/2024
159,Tales,@itztales,6/19/2024
160,Patrick,@secondbill80,6/21/2024
161,Leon,@frizzyhouse16,6/22/2024
162,Cameron,@preciousaspect44,6/22/2024
163,Gonzalo,@gonza,6/22/2024
164,Thiago,@moralskill64,6/23/2024
165,keylan,@calamity,6/23/2024
166,Marek,@ph03nix,6/23/2024
167,Simone,@sp3dr4,6/24/2024
168,Woodchuck,@woodchuck,6/24/2024
169,AhGr3y,@excellentcommittee95,6/24/2024
170,Marc Wesley,@waterybirthday80,6/24/2024
171,Delvoid,@delvoid,6/25/2024
172,Alexander,@juicyweather69,6/25/2024
173,JP,@jp2024,6/26/2024
174,Dan,@danbanta,6/26/2024
175,Jan-Stefan,@gottz,6/26/2024
176,Murillo,@murillo,6/27/2024
177,Anas,@youngrevolution56,6/28/2024
178,Dariusz,@regaleat58,6/28/2024
179,Adam,@adam_thiede,6/28/2024
180,Josh,@sillyinternettricks,6/29/2024
181,Bryan,@pholice,6/29/2024
182,Michael,@unfitgreen12,7/1/2024
183,Mateusz,@distantstar92,7/1/2024
184,Rasmus,@peert,7/1/2024
185,Braeden,@mvpbv,7/1/2024
186,Gabriel,@gmunhoz,7/1/2024
187,atul,@atulyasubedi,7/3/2024
188,Ammar,@far-offrecording00,7/3/2024
189,Danny,@dismalisland72,7/3/2024
190,Diego,@numbproof92,7/4/2024
191,Matt,@outlyingback96,7/4/2024
192,Adam,@fussyneck47,7/4/2024
193,Ji≈ô√≠,@nowitch,7/4/2024
194,Bryant,@organiccap31,7/4/2024
195,Uwe,@roughdraw96,7/5/2024
196,Kane,@kanepear,7/5/2024
197,Gf,@prettydouble29,7/5/2024
198,Mathieu,@regardedglizzy,7/6/2024
199,Jonathan,@sure-footedrecover32,7/6/2024
200,David,@unhappybalance61,7/6/2024
201,Lixen,@lixen,7/6/2024
202,Alan,@quarrelsomeglad22,7/7/2024
203,Mat,@trisc,7/7/2024
204,DireTabacchi,@diredragon,7/8/2024
205,saubuny,@saubuny,7/8/2024
206,Pedro,@lividdrive38,7/9/2024
207,Andrew,@circularevent95,7/9/2024
208,Eric,@eric,7/10/2024
209,Jakob,@jacko,7/10/2024
210,Bartas,@writhingclerk31,7/10/2024
211,Domenico,@agonizingfruit65,7/11/2024
212,Sebastian,@aridanywhere63,7/12/2024
213,Luis,@luisdi,7/12/2024
214,Roman,@rhushpit,7/14/2024
215,Kuang-Yu,@kuangyuwu,7/14/2024
216,Piotr,@potato,7/14/2024
217,Christopher,@cmon1975,7/14/2024
218,Felix,@fhilgers,7/15/2024
219,Christopher,@conwaycj,7/15/2024
220,üìé,@üóø,7/15/2024
221,Jan,@faintmine68,7/15/2024
222,Aaditya,@3ternalsage,7/16/2024
223,Gavin,@drearyextreme89,7/17/2024
224,Bret,@mixedaward57,7/17/2024
225,Nicholas,@nicoschwartz,7/18/2024
226,Mickael,@mikeysnow,7/18/2024
227,Evan,@gnarlylasagna,7/18/2024
228,Zareh,@drzhivago,7/19/2024
229,Emanuel,@eeyieryi,7/19/2024
230,Scott,@dopeyday66,7/19/2024
231,Colt,@coltiq,7/19/2024
232,SkyeFox,@skyefox,7/19/2024
233,Thomas,@scuttlebud,7/20/2024
234,Bruno,@bhashimoto,7/21/2024
235,David,@ds1242,7/21/2024
236,Richard,@richardhaddadau,7/21/2024
237,Hannah,@untidyroof32,7/22/2024
238,√ßetin,@meagermanufacturer25,7/22/2024
239,Kriszti√°n,@stunningpsychology91,7/22/2024
240,Antonio,@nto,7/22/2024
241,Aleth,@sparklingmatch71,7/22/2024
242,CK-7vn,@ck-7vn,7/23/2024
243,Carlos,@naturalmonitor09,7/23/2024
244,Thor-Erling,@blucoll,7/24/2024
245,Dan,@captum,7/24/2024
246,Patricija,@pat955,7/24/2024
247,Hayden,@velvetyapple29,7/26/2024
248,Alec,@alecthedev,7/26/2024
249,√Ålvaro,@fantasticapple81,7/26/2024
250,Davide,@darlingcopy56,7/26/2024
251,Sam,@samgxm,7/26/2024
252,milan,@milan:),7/28/2024
253,Ramiro Faustino,@ramiros1,7/28/2024
254,Eduardo,@edbar42,7/30/2024
255,Phillip,@descriptiveguide83,7/30/2024
256,Eymard,@eymardfreire,7/30/2024
257,Jack,@excitingteacher19,7/30/2024
258,gafa,@truepride93,7/30/2024
259,Nhat Tai,@palatablework88,7/30/2024
260,Wilson,@swiftinfluence61,7/31/2024
261,Danyil,@paradise,8/2/2024
262,John,@johndoesdev,8/3/2024
263,Abdulmumin,@long-termnote76,8/3/2024
264,Chris,@loosebank87,8/4/2024
265,Bla≈æ,@aptcommunity88,8/4/2024
266,Gary,@chichigami,8/5/2024
267,Sami,@vaguesupport94,8/6/2024
268,Lennox,@proudwhile34,8/7/2024
269,Andrew,@plasticblow76,8/8/2024
270,B,@leftpen90,8/8/2024
271,Erik,@zilharr,8/8/2024
272,Yawar,@yivir,8/8/2024
273,Tim,@jimmy-sama,8/8/2024
274,Nick,@deficientshirt56,8/8/2024
275,Azrael,@playzxcrayon,8/9/2024
276,Ë±êÂØå,@gohomewho,8/9/2024
277,Drew,@tangysasquatch,8/9/2024
